Products Brand Name,Inventory Conversion Inputs Outputs Output Product,Strain Name,Inventory Conversions Batch Name,Inventory Conversion Inputs Outputs Output Package ID,Batch Harvest Date,Batch Lab Results Lab Result URL,Products Vendor Name,Inventory Producer Name,Manufacturing Date
iLAVA,Molecular Live Resin Disposable 1000mg - Forest Fire,Forest Fire,240102-005LR,57365,2023-11-30,https://orders.confidentcannabis.com/report/public/pdf/d44f4df4-fe74-4bca-878e-e0eb10c7e5af,"Forever 46, LLC - 00000057DCHF00477864","Forever 46, LLC - 00000057DCHF00477864",2024-01-02
iLAVA,Magma Sugar Wax 2.5g - Forest Fire,Forest Fire,240229-003,57362,2023-12-29,https://orders.confidentcannabis.com/report/public/pdf/e6b9a73f-6e07-4ae9-94f7-0591e4842696,"Forever 46, LLC - 00000057DCHF00477864","Forever 46, LLC - 00000057DCHF00477864",2024-02-29
iLAVA,Magma Sugar Wax 1g - Forest Fire,Forest Fire,240229-003,57361,2023-12-29,https://orders.confidentcannabis.com/report/public/pdf/e6b9a73f-6e07-4ae9-94f7-0591e4842696,"Forever 46, LLC - 00000057DCHF00477864","Forever 46, LLC - 00000057DCHF00477864",2024-02-29
iLAVA,Lumen Budder 1g - Gelato,Gelato,240216-001,57353,2023-12-14,https://orders.confidentcannabis.com/report/public/pdf/5785a279-3abc-4850-a070-56e675afe617,"Forever 46, LLC - 00000057DCHF00477864",,
High Scorez,High Scorez Sauce Infused Preroll 1.2g - Mellow Squirt x Mendo Dosi,Mellow Squirt x Mendo Dosi,MSQ-240117.01-W3-IPR,57350,2024-01-17,,"Forever 46, LLC - 00000057DCHF00477864","Forever 46, LLC - 00000057DCHF00477864",2024-03-29
High Scorez,High Scorez Sauce Infused Preroll 1.2g - Dweebz x Toasted Swirl,Dweebz x Toasted Swirl,Dwz-240117.01-W3-IPR,57349,2024-01-17,,"Forever 46, LLC - 00000057DCHF00477864","Forever 46, LLC - 00000057DCHF00477864",2024-03-29
DTF - Downtown Flower,Mendo Dosi 14g Smalls - Mid,Mendo Dosi,323s-240117.0001-W3,57348,2024-01-17,https://orders.confidentcannabis.com/report/public/pdf/bbab91ad-0272-4238-a234-2c2a8acb66be,"Forever 46, LLC - 00000057DCHF00477864","Forever 46, LLC - 00000057DCHF00477864",2024-03-29
High Scorez,High Scorez Sauce Infused Preroll 1.2g - Cherry Treat x Forest Fire,Cherry Treat x Forest Fire,ChryTrt-231130.01-W48-IPR,57347,2023-11-30,,"Forever 46, LLC - 00000057DCHF00477864","Forever 46, LLC - 00000057DCHF00477864",2024-03-29
ZENZONA,zenzona Vegan Gummies Blackberries and Cream 100mg RSO - Hybrid,Hybrid,231107-002,57336,2023-09-05,https://orders.confidentcannabis.com/report/public/pdf/9fadd3bf-b7db-4396-8588-d5e13bdfca99,"Forever 46, LLC - 00000057DCHF00477864",,
iLAVA,Molecular Live Resin Disposable 1000mg - Wedding Cake,Wedding Cake,240207-003LR,57335,2024-01-30,https://orders.confidentcannabis.com/report/public/pdf/2f60a042-af94-422f-9437-12a72b5c0d6c,"Forever 46, LLC - 00000057DCHF00477864","Forever 46, LLC - 00000057DCHF00477864",2024-02-07
ZENZONA,zenzona Vegan Gummies Blackberries and Cream 100mg RSO - Hybrid,Hybrid,230606-001-BBC,57334,2023-04-19,https://tinyurl.com/yn249mxn,"Forever 46, LLC - 00000057DCHF00477864","Forever 46, LLC - 00000057DCHF00477864",2024-07-04
iLAVA,iLAVA Touch Bamboo 3.75oz. (380mg THC/320mg CBD) - Hybrid,Hybrid Blend,240110-001B,57325,2023-07-25,https://orders.confidentcannabis.com/report/public/pdf/5fe61f36-b07f-4ac1-9370-6021d1c45ada,"Forever 46, LLC - 00000057DCHF00477864","Forever 46, LLC - 00000057DCHF00477864",2024-01-10
iLAVA,Molecular Live Resin Disposable 1000mg - Fatso,Fatso,231121-005LR,57320,2023-11-07,https://orders.confidentcannabis.com/report/public/pdf/46328fb7-0d5f-45e9-8c3d-3794172a56a9,"Forever 46, LLC - 00000057DCHF00477864",,
iLAVA,iLAVA Lava Rocks - Sunset Sherb,Sunset Sherb,240328-005,57317,2024-02-13,,"Forever 46, LLC - 00000057DCHF00477864",,
iLAVA,iLAVA Lava Rocks - Sunset Sherb,Sunset Sherb,240328-005,57315,2024-02-13,,"Forever 46, LLC - 00000057DCHF00477864","Forever 46, LLC - 00000057DCHF00477864",2024-03-28
iLAVA,iLAVA Lava Rocks - Jet Cream,Jet Cream,240328-004,57314,2024-01-17,,"Forever 46, LLC - 00000057DCHF00477864",,
iLAVA,iLAVA Lava Rocks - Jet Cream,Jet Cream,240328-004,57312,2024-01-17,,"Forever 46, LLC - 00000057DCHF00477864","Forever 46, LLC - 00000057DCHF00477864",2024-03-28
iLAVA,iLAVA Lava Rocks - Guava Cross,Guava Cross,240328-003,57311,2024-01-17,,"Forever 46, LLC - 00000057DCHF00477864",,
iLAVA,iLAVA Lava Rocks - Guava Cross,Guava Cross,240328-003,57310,2024-01-17,,"Forever 46, LLC - 00000057DCHF00477864","Forever 46, LLC - 00000057DCHF00477864",2024-03-28
iLAVA,iLAVA Lava Rocks - Dweebz,Dweebz,240328-001,57308,2024-01-17,,"Forever 46, LLC - 00000057DCHF00477864",,
iLAVA,iLAVA Lava Rocks - Dweebz,Dweebz,240328-001,57307,2024-01-17,,"Forever 46, LLC - 00000057DCHF00477864","Forever 46, LLC - 00000057DCHF00477864",2024-03-28
iLAVA,Molecular Live Resin Disposable 1000mg - DTS,DTS,231011-016LR,57304,2023-10-03,https://orders.confidentcannabis.com/report/public/pdf/b82d735b-90d4-49ac-9b06-197cbba6b8f2,"Forever 46, LLC - 00000057DCHF00477864","Forever 46, LLC - 00000057DCHF00477864",2023-10-11
DTF - Downtown Flower,Kosher Kush 3.5g,Kosher Kush,235-240213.0001-W7,57302,2024-02-13,https://orders.confidentcannabis.com/report/public/pdf/41bb8a1e-51a7-456f-80a6-0bc3f22876cf,"Forever 46, LLC - 00000057DCHF00477864","Forever 46, LLC - 00000057DCHF00477864",2024-03-27
iLAVA,Molecular Live Resin Disposable 1000mg - Gelato,Gelato,231130-001LR,57299,2023-11-10,https://orders.confidentcannabis.com/report/public/pdf/c8d1ca46-5b82-4867-9cfa-bcf7e01ad499,"Forever 46, LLC - 00000057DCHF00477864",,
iLAVA,Molecular Live Resin Disposable 1000mg - Cali Lightning,Cali Lightning,240102-006LR,57297,2023-12-01,https://orders.confidentcannabis.com/report/public/pdf/71b72255-8556-40ea-b051-bd877c5fb91a,"Forever 46, LLC - 00000057DCHF00477864","Forever 46, LLC - 00000057DCHF00477864",2024-01-02
GRÄS Cannabis,Fresh Fritter 3.5g,Fresh Fritter,FrFr-240117.0001-W3,57296,2024-01-17,https://orders.confidentcannabis.com/report/public/pdf/9cb81f6f-b8c6-407e-b64e-c0a123626a50,"Forever 46, LLC - 00000057DCHF00477864","Forever 46, LLC - 00000057DCHF00477864",2024-03-27
GRÄS Cannabis,Sunset Sherb 3.5g,Sunset Sherb,SSherb-240130.0001-W5,57294,2024-01-30,https://orders.confidentcannabis.com/report/public/pdf/75dfb46c-6a63-4a1f-86c7-5015b3fd907e,"Forever 46, LLC - 00000057DCHF00477864","Forever 46, LLC - 00000057DCHF00477864",2024-03-27
iLAVA,GOLD Disposable Cartridge 1000mg - Green Dream,Green Dream,240102-001DTFGD,57284,2023-11-22,https://orders.confidentcannabis.com/report/public/pdf/3c15d553-e462-46ce-a54c-7ff132563cce,"Forever 46, LLC - 00000057DCHF00477864",,
GRÄS Cannabis,Forest Fire 3.5g,Forest Fire,FoFi-240130.0001-W5,57283,2024-01-30,https://orders.confidentcannabis.com/report/public/pdf/38229bbb-1a83-4705-8643-c54cb52ed3d0,"Forever 46, LLC - 00000057DCHF00477864","Forever 46, LLC - 00000057DCHF00477864",2024-03-27
ZENZONA,zenzona Vegan Gummies 2:1 (100mg THC/50mg CBD) Blueberry - Indica,Hybrid Blend,221220-002-BB,57282,2022-10-03,https://lims.tagleaf.com/coas/xOCKGjv6XZcJZ6vCa2tIcpHqK49JRroABGhg4O6XojZnw6FZau,"Forever 46, LLC - 00000057DCHF00477864","Forever 46, LLC - 00000057DCHF00477864",2023-07-26
iLAVA,GOLD Disposable Cartridge 1000mg - Bubba Kush,Bubba Kush,240102-001DTFBK,57276,2023-11-22,https://orders.confidentcannabis.com/report/public/pdf/6bebeae5-3f3c-4928-9e03-ce5332eff8dd,"Forever 46, LLC - 00000057DCHF00477864",,
iLAVA,ClearGold Cartridge 500mg - Bubba Kush,Bubba Kush,240102-001DTFBK,57275,2023-11-22,https://orders.confidentcannabis.com/report/public/pdf/6bebeae5-3f3c-4928-9e03-ce5332eff8dd,"Forever 46, LLC - 00000057DCHF00477864",,
ZENZONA,zenzona Pineapple 100mg Live Rosin - Hybrid,RS #11 X JC,240319-002-PI,57266,2022-12-29,,"Forever 46, LLC - 00000057DCHF00477864","Greenmed, Inc. - 00000113ESLZ23317951",2024-03-25
ZENZONA,zenzona Green Apple 100mg Live Rosin - Indica,Fried Ice Cream,240319-003-GA,57265,2023-02-27,,"Forever 46, LLC - 00000057DCHF00477864","Greenmed, Inc. - 00000113ESLZ23317951",2024-03-25
iLAVA,GOLD Disposable Cartridge 1000mg - Mai Tai,Mai Tai,231121-006MT,57264,2023-07-17,https://orders.confidentcannabis.com/report/public/pdf/e23c2806-c055-478d-a7db-1b572e09eac1,"Forever 46, LLC - 00000057DCHF00477864","Forever 46, LLC - 00000057DCHF00477864",2024-02-06
iLAVA,ClearGold Cartridge 500mg - Mai Tai,Mai Tai,231121-006MT,57263,2023-07-17,https://orders.confidentcannabis.com/report/public/pdf/e23c2806-c055-478d-a7db-1b572e09eac1,"Forever 46, LLC - 00000057DCHF00477864","Forever 46, LLC - 00000057DCHF00477864",2024-02-06
ZENZONA,zenzona Mango Chamoy 100mg Live Rosin - Hybrid,WAP #27,240319-001-MC,57259,2023-05-02,,"Forever 46, LLC - 00000057DCHF00477864","Greenmed, Inc. - 00000113ESLZ23317951",2024-03-25
iLAVA,Entourage Twilight Gummies 100mg - Blackberry,Hybrid Blend,230104-001-BLA,57230,2022-10-03,https://lims.tagleaf.com/coas/KjacAIHOkDLI3XAHjagmx0ObDzNfe4AG4el5iaz7DnwWx3nSXr,"Forever 46, LLC - 00000057DCHF00477864","Forever 46, LLC - 00000057DCHF00477864",2023-07-20
DTF - Downtown Flower,Cherry Treat 14g Smalls - Mid,Cherry Treat,ChryTrt-240117.0001-W3,57206,2024-01-17,https://orders.confidentcannabis.com/report/public/pdf/82b653a7-25af-42c3-8d24-70c8ef2bcecc,"Forever 46, LLC - 00000057DCHF00477864",,
DTF - Downtown Flower,Mellow Squirt 14g Smalls - Signature,Mellow Squirt,MSQ-240117.0001-W3,57194,2024-01-17,https://orders.confidentcannabis.com/report/public/pdf/ef4e1d03-3dc5-4d6b-8dcb-1c94326a3f9d,"Forever 46, LLC - 00000057DCHF00477864","Forever 46, LLC - 00000057DCHF00477864",2024-03-26
DTF - Downtown Flower,Gary Satan 14g Smalls - Mid,Gary Satan,325D-240130.0001-W5,57191,2024-01-30,https://orders.confidentcannabis.com/report/public/pdf/8b0e8c7e-67da-4e92-8c6b-5233386da573,"Forever 46, LLC - 00000057DCHF00477864",,
DTF - Downtown Flower,Fatso 14g Smalls - Signature,Fatso,224-231214.0001-W50,57190,2023-12-14,https://orders.confidentcannabis.com/report/public/pdf/a2ca650e-8a02-4a17-86ef-5701ec6eb711,"Forever 46, LLC - 00000057DCHF00477864","Forever 46, LLC - 00000057DCHF00477864",2024-03-26
DTF - Downtown Flower,Gello 14g Smalls - Mid,Gello,Gell-240117.0001-W3,57176,2024-01-17,https://orders.confidentcannabis.com/report/public/pdf/b600fe75-7e8f-4e30-9cc5-c8bc4fbc144f,"Forever 46, LLC - 00000057DCHF00477864",,
DTF - Downtown Flower,Wedding Cake 14g Smalls - Mid,Wedding Cake,WeCa-240130.0001-W5,57174,2024-01-30,https://orders.confidentcannabis.com/report/public/pdf/8cd5dd15-4c8b-4fca-925d-21c0228e5dc2,"Forever 46, LLC - 00000057DCHF00477864",,
DTF - Downtown Flower,Jet Cream 14g Smalls - Mid,Jet Cream,JtCr-240130.0001-W5,57173,2024-01-30,https://orders.confidentcannabis.com/report/public/pdf/3229cdfd-9b44-4eda-ad77-9adcd0a1096a,"Forever 46, LLC - 00000057DCHF00477864","Forever 46, LLC - 00000057DCHF00477864",2024-03-25
DTF - Downtown Flower,Strawberry Mo'nana 14g Smalls - Mid,Strawberry Mo'nana,SMo-240130.0001-W5,57172,2024-01-30,https://orders.confidentcannabis.com/report/public/pdf/13e1ed7e-8135-486c-8845-c1f11af9ef22,"Forever 46, LLC - 00000057DCHF00477864",,
iLAVA,Magma Budder 2.5g - Gelato,Gelato,231011-009,57171,2023-08-16,https://orders.confidentcannabis.com/report/public/pdf/5565332a-2da5-438b-a19a-d49b01343432,"Forever 46, LLC - 00000057DCHF00477864","Forever 46, LLC - 00000057DCHF00477864",2023-10-11
ZENZONA,zenzona Vegan Gummies Pineberry 100mg RSO - Indica,Indica,230607-001RSO-PINE,57170,2023-05-02,,"Forever 46, LLC - 00000057DCHF00477864",,
ZENZONA,zenzona Vegan Gummies Italian Zorbet 100mg RSO - Sativa,Sativa,230811-001-ITZ,57169,2023-06-21,,"Forever 46, LLC - 00000057DCHF00477864",,
ZENZONA,zenzona Vegan Gummies Brazilian Grape 100mg - Indica,Hybrid Blend,221220-002-BRAG,57168,2022-10-03,,"Forever 46, LLC - 00000057DCHF00477864",,
iLAVA,Magma Budder 1g - Gelato,Gelato,231011-009,57167,2023-08-16,https://orders.confidentcannabis.com/report/public/pdf/5565332a-2da5-438b-a19a-d49b01343432,"Forever 46, LLC - 00000057DCHF00477864","Forever 46, LLC - 00000057DCHF00477864",2023-10-11
ZENZONA,zenzona Vegan Gummies 2:1 (100mg THC/50mg CBD) Blueberry - Indica,Hybrid Blend,221220-002-BLB,57166,2022-10-03,,"Forever 46, LLC - 00000057DCHF00477864",,
ZENZONA,zenzona Vegan Gummies Wildberry 100mg - Indica,Hybrid Blend,221220-002-ZWIL,57165,2022-10-03,,"Forever 46, LLC - 00000057DCHF00477864",,
iLAVA,iLAVA Touch Bamboo 3.75oz. (380mg THC/320mg CBD) - Hybrid,Hybrid Blend,240110-001B,57164,2023-07-25,https://orders.confidentcannabis.com/report/public/pdf/5fe61f36-b07f-4ac1-9370-6021d1c45ada,"Forever 46, LLC - 00000057DCHF00477864",,
ZENZONA,zenzona Vegan Gummies Watermelon 100mg - Indica,Hybrid Blend,221220-002-ZWAT,57163,2022-10-03,,"Forever 46, LLC - 00000057DCHF00477864",,
ZENZONA,zenzona Vegan Gummies 1:1 (100mg CBD/100mg THC) Cherry - Hybrid,Hybrid Blend,221220-002-CHE,57162,2022-10-03,,"Forever 46, LLC - 00000057DCHF00477864",,
ZENZONA,zenzona Vegan Gummies Strawberry 100mg - Hybrid,Hybrid Blend,221220-0002-SB,57161,2022-10-03,,"Forever 46, LLC - 00000057DCHF00477864",,
ZENZONA,zenzona Vegan Gummies 1:1 (100mgCBD/100mg THC) Sour Citrus - Hybrid,Hybrid Blend,221220-002-SOUR,57160,2022-10-03,,"Forever 46, LLC - 00000057DCHF00477864",,
iLAVA,ClearGold Cartridge 1000mg - GG4,GG4,231121-006G4,57159,2023-07-17,https://orders.confidentcannabis.com/report/public/pdf/749f84a8-183f-4f6d-8d16-47a836332fe5,"Forever 46, LLC - 00000057DCHF00477864","Forever 46, LLC - 00000057DCHF00477864",2024-02-06
ZENZONA,zenzona Vegan Gummies Prickly Pear 100mg - Hybrid,Hybrid Blend,221220-0002-PRC,57158,2022-10-03,,"Forever 46, LLC - 00000057DCHF00477864",,
iLAVA,ClearGold Cartridge 500mg - GG4,GG4,231121-006G4,57157,2023-07-17,https://orders.confidentcannabis.com/report/public/pdf/749f84a8-183f-4f6d-8d16-47a836332fe5,"Forever 46, LLC - 00000057DCHF00477864","Forever 46, LLC - 00000057DCHF00477864",2024-02-06
ZENZONA,zenzona Vegan Gummies Blackberry Cucumber 100mg - Hybrid,Hybrid Blend,221220-002-BC,57156,2022-10-03,,"Forever 46, LLC - 00000057DCHF00477864",,
ZENZONA,zenzona Vegan Gummies 2:1 (200mg CBD/100mg THC) Honeydew - Sativa,Hybrid Blend,221220-002-HON,57155,2022-10-03,,"Forever 46, LLC - 00000057DCHF00477864",,
ZENZONA,zenzona Vegan Gummies Raspberry 100mg - Sativa,Hybrid Blend,221220-002-RASP,57154,2022-10-03,,"Forever 46, LLC - 00000057DCHF00477864",,
ZENZONA,zenzona Vegan Gummies Blood Orange 100mg - Sativa,Hybrid Blend,221220-002-ZBOR,57153,2022-10-03,,"Forever 46, LLC - 00000057DCHF00477864",,
ZENZONA,zenzona Vegan Gummies Grapefruit 100mg - Sativa,Hybrid Blend,221220-002-GF,57152,2022-10-03,,"Forever 46, LLC - 00000057DCHF00477864",,
iLAVA,Magma Crumble 2.5g - Fresh Fritter,Fresh Fritter,240130-005,57151,2023-11-30,https://orders.confidentcannabis.com/report/public/pdf/de1baf59-428f-48b1-94e1-ab7d826da5ad,"Forever 46, LLC - 00000057DCHF00477864","Forever 46, LLC - 00000057DCHF00477864",2024-01-30
iLAVA,Magma Crumble 1g - Fresh Fritter,Fresh Fritter,240130-005,57150,2023-11-30,https://orders.confidentcannabis.com/report/public/pdf/de1baf59-428f-48b1-94e1-ab7d826da5ad,"Forever 46, LLC - 00000057DCHF00477864","Forever 46, LLC - 00000057DCHF00477864",2024-01-30
DTF - Downtown Flower,DTF Premium Preroll 1g - Gastropop,Gastropop,324s-231229.0001-W52,57129,2023-12-29,https://orders.confidentcannabis.com/report/public/pdf/af7d90a7-6bc3-4ec1-9d7f-55fe74cd756f,"Forever 46, LLC - 00000057DCHF00477864","Forever 46, LLC - 00000057DCHF00477864",2024-03-25
iLAVA,GOLD Disposable Cartridge 1000mg - Acapulco Gold,Acapulco Gold,231121-006AG,57128,2023-07-17,https://orders.confidentcannabis.com/report/public/pdf/99621efa-36a1-4389-b225-59a2d0b938d2,"Forever 46, LLC - 00000057DCHF00477864",,
iLAVA,ClearGold Cartridge 500mg - Acapulco Gold,Acapulco Gold,231121-006AG,57127,2023-07-17,https://orders.confidentcannabis.com/report/public/pdf/99621efa-36a1-4389-b225-59a2d0b938d2,"Forever 46, LLC - 00000057DCHF00477864","Forever 46, LLC - 00000057DCHF00477864",2024-02-06
ZENZONA,zenzona Vegan Gummies Pineberry 100mg RSO - Indica,Indica,230607-001RSO-PB,57123,2023-05-02,https://lims.tagleaf.com/coas/FFokcNVI2iVLNcQK9f1RBGVDkCGk6UZ0uXb8WqdsZDIv9ZTkH5,"Forever 46, LLC - 00000057DCHF00477864","Forever 46, LLC - 00000057DCHF00477864",2023-07-31
ZENZONA,zenzona Vegan Gummies Pineberry 100mg RSO - Indica,Indica,240228-003-PB,57122,2023-12-29,,"Forever 46, LLC - 00000057DCHF00477864","Forever 46, LLC - 00000057DCHF00477864",2024-03-25
INDICA PM,Indica PM Chocolates Dark 100mg,Indica Blend,221101-002-IPM,57120,2022-11-01,https://orders.confidentcannabis.com/report/public/pdf/312e54ed-6d0d-44b9-bb83-276ef1bef5d7,"Forever 46, LLC - 00000057DCHF00477864","Forever 46, LLC - 00000057DCHF00477864",2024-02-01
DTF - Downtown Flower,DTF Premium Preroll 1g - Fatso,Fatso,224-231214.0001-W50,57119,2023-12-14,https://orders.confidentcannabis.com/report/public/pdf/a2ca650e-8a02-4a17-86ef-5701ec6eb711,"Forever 46, LLC - 00000057DCHF00477864",,
DTF - Downtown Flower,DTF Premium Preroll 1g - Gastropop,Gastropop,324s-231214.0001-W50,57118,2023-12-14,https://orders.confidentcannabis.com/report/public/pdf/1bd2b487-9d2b-47b9-920b-ba74d33e5a71,"Forever 46, LLC - 00000057DCHF00477864",,
DTF - Downtown Flower,DTF Premium Preroll 1g -  Strawberry Mo'nana,Strawberry Mo'nana,SMo-230918.0001-W38,57110,2023-09-18,https://tinyurl.com/yhwppyfj,"Forever 46, LLC - 00000057DCHF00477864","Forever 46, LLC - 00000057DCHF00477864",2024-03-22
iLAVA,iLAVA Touch 2.85oz. (250mg CBD/300mg THC) - Hybrid,Hybrid Blend,240110-001,57080,2023-07-25,,"Forever 46, LLC - 00000057DCHF00477864","Forever 46, LLC - 00000057DCHF00477864",2024-01-10
GRÄS Cannabis,GG4 3.5g,GG4,GG4 GH6 Bay 1 12.29.23,57079,2023-12-29,https://orders.confidentcannabis.com/report/public/pdf/827b3ae8-9cd9-498a-83e3-37830761ae96,"Forever 46, LLC - 00000057DCHF00477864","CJK, Inc. - 00000003DCOU00038157",2024-03-21
GRÄS Cannabis,Blue Dream 3.5g,Blue Dream,Blue Dream GH6 Bay 1 12.29.23,57068,2023-12-29,https://orders.confidentcannabis.com/report/public/pdf/fbccd733-caef-414c-a58d-1f44b5978a14,"Forever 46, LLC - 00000057DCHF00477864","CJK, Inc. - 00000003DCOU00038157",2024-03-20
GRÄS Cannabis,Tangerine Kush 3.5g,Tangerine Kush,Tangerine Kush GH6 Bay 2 01.05.24,57066,2024-01-05,https://orders.confidentcannabis.com/report/public/pdf/519dc3ee-f14c-456a-9c66-666e861a99d5,"Forever 46, LLC - 00000057DCHF00477864","CJK, Inc. - 00000003DCOU00038157",2024-03-20
iLAVA,GOLD Disposable Cartridge 1000mg - Hawaiian Haze,Hawaiian Haze,231121-006HH,57030,2023-07-17,https://orders.confidentcannabis.com/report/public/pdf/a40df4fc-8f8d-4f55-847f-3ae5e184c9e5,"Forever 46, LLC - 00000057DCHF00477864","Forever 46, LLC - 00000057DCHF00477864",2024-02-06
GRÄS Cannabis,Fresh Fritter 3.5g,Fresh Fritter,FrFr-240117.0001-W3,57029,2024-01-17,https://orders.confidentcannabis.com/report/public/pdf/9cb81f6f-b8c6-407e-b64e-c0a123626a50,"Forever 46, LLC - 00000057DCHF00477864","Forever 46, LLC - 00000057DCHF00477864",2024-03-20
ZENZONA,zenzona Vegan Gummies Prickly Pear 100mg - Hybrid,Hybrid Blend,221220-002-PRP,57011,2022-10-03,https://lims.tagleaf.com/coas/NKpygdUaKLZWydKEmF6HAczZ04oyYoLaj1GvXnyRYisv383C6X,"Forever 46, LLC - 00000057DCHF00477864","Forever 46, LLC - 00000057DCHF00477864",2023-07-26
DTF - Downtown Flower,White Truffle 3.5g,White Truffle,317s-240117.0001-W3,57010,2024-01-17,,"Forever 46, LLC - 00000057DCHF00477864","Forever 46, LLC - 00000057DCHF00477864",2024-03-20
ZENZONA,zenzona Vegan Gummies Italian Zorbet 100mg RSO - Sativa,Sativa,230811-001-IZ,56967,2023-06-21,https://tinyurl.com/5n6w5ewf,"Forever 46, LLC - 00000057DCHF00477864","Forever 46, LLC - 00000057DCHF00477864",2023-09-25
INDICA PM,Indica PM Chocolates Dark 100mg,Indica Blend,221101-002-IPM,56917,2022-11-01,https://orders.confidentcannabis.com/report/public/pdf/312e54ed-6d0d-44b9-bb83-276ef1bef5d7,"Forever 46, LLC - 00000057DCHF00477864","Forever 46, LLC - 00000057DCHF00477864",2024-02-01
ZENZONA,zenzona Vegan Gummies Wildberry 100mg - Indica,Hybrid Blend,221220-002-ZWLD,56894,2022-10-03,https://lims.tagleaf.com/coas/mSfWW7yZrTfNQEmG8dgZzFlr8EeK2wI8Xs4yFZXw3iRP2vRQ4c,"Forever 46, LLC - 00000057DCHF00477864","Forever 46, LLC - 00000057DCHF00477864",2023-07-26
ZENZONA,zenzona Vegan Gummies Italian Zorbet 100mg RSO - Sativa,Sativa,230811-001-IZ,56893,2023-06-21,https://tinyurl.com/5n6w5ewf,"Forever 46, LLC - 00000057DCHF00477864","Forever 46, LLC - 00000057DCHF00477864",2023-09-25
iLAVA,Magma Crumble 2.5g - Blue Dream,Blue Dream,240202-002,56881,2023-11-30,https://orders.confidentcannabis.com/report/public/pdf/b11e8b67-2310-42c9-b473-234c9f86f0bf,"Forever 46, LLC - 00000057DCHF00477864","Forever 46, LLC - 00000057DCHF00477864",2024-02-02
iLAVA,Magma Crumble 1g - Blue Dream,Blue Dream,240202-002,56880,2023-11-30,https://orders.confidentcannabis.com/report/public/pdf/b11e8b67-2310-42c9-b473-234c9f86f0bf,"Forever 46, LLC - 00000057DCHF00477864","Forever 46, LLC - 00000057DCHF00477864",2024-02-02
High Scorez,High Scorez Comboz Infused 4pk Prerolls 2.4g - Fatso x Guava Cross,Fatso x Guava Cross,224-231214.01-W50-4pkIPR,56879,2023-12-14,,"Forever 46, LLC - 00000057DCHF00477864",,
High Scorez,High Scorez Comboz Infused 4pk Prerolls 2.4g - Mellow Squirt x Cherry Treat,Mellow Squirt x Cherry Treat,MSQ-240117.01-W3-4pkIPR,56877,2024-01-17,,"Forever 46, LLC - 00000057DCHF00477864",,
High Scorez,High Scorez Comboz Infused 4pk Prerolls 2.4g - Cherry Treat x Mendo Dosi,Cherry Treat x Mendo Dosi,ChryTrt-231130.01-W48-4pkIPR,56876,2023-11-30,,"Forever 46, LLC - 00000057DCHF00477864",,
High Scorez,High Scorez Comboz Infused 4pk Prerolls 2.4g - Strawberry Mo'nana x Blue Dream X,Strawberry Mo'nana x Blue Dream X,SMo-231116.01-W46-4pkIPR,56875,2023-11-16,,"Forever 46, LLC - 00000057DCHF00477864",,
iLAVA,Magma Budder 2.5g - Fresh Fritter,Fresh Fritter,240130-004,56874,2023-11-30,https://orders.confidentcannabis.com/report/public/pdf/db7bb557-28c1-4532-a66c-0738ffe0c183,"Forever 46, LLC - 00000057DCHF00477864","Forever 46, LLC - 00000057DCHF00477864",2024-01-30
iLAVA,Magma Budder 1g - Fresh Fritter,Fresh Fritter,240130-004,56873,2023-11-30,https://orders.confidentcannabis.com/report/public/pdf/db7bb557-28c1-4532-a66c-0738ffe0c183,"Forever 46, LLC - 00000057DCHF00477864","Forever 46, LLC - 00000057DCHF00477864",2024-01-30
iLAVA,GOLD Disposable Cartridge 1000mg - Purple Punch,Purple Punch,231121-006PP,56870,2023-07-17,http://tinyurl.com/5nhdb5wv,"Forever 46, LLC - 00000057DCHF00477864",,
GRÄS Cannabis,Maui Berry White 3.5g,Maui Berry White,MBWV10#1,56849,2023-11-20,https://share.confidentcannabis.com/samples/public/share/36328aef-7df0-4cf4-b37f-b224fabebff6,"Forever 46, LLC - 00000057DCHF00477864",,
GRÄS Cannabis,Mr. Bill 3.5g,Mr. Bill,MRB12,56845,2023-11-20,https://share.confidentcannabis.com/samples/public/share/13cef188-b4a4-466d-81e2-3313d2642995,"Forever 46, LLC - 00000057DCHF00477864",,
GRÄS Cannabis,Tiki Head 3.5g,Tiki Head,TKH15,56844,2023-11-20,https://share.confidentcannabis.com/samples/public/share/f5a7966d-2383-4e51-837f-9a1a8fb7632b,"Forever 46, LLC - 00000057DCHF00477864",,
ZENZONA,zenzona Vegan Gummies Pineberry 100mg RSO - Indica,Indica,230607-001RSO-PB,56843,2023-05-02,https://lims.tagleaf.com/coas/FFokcNVI2iVLNcQK9f1RBGVDkCGk6UZ0uXb8WqdsZDIv9ZTkH5,"Forever 46, LLC - 00000057DCHF00477864","Forever 46, LLC - 00000057DCHF00477864",2023-07-31
iLAVA,ClearGold Cartridge 1000mg - Blue Widow,Blue Widow,231121-006BW,56841,2023-07-17,https://orders.confidentcannabis.com/report/public/pdf/aaf6c1c1-c76c-4c50-a997-5f78ac83ca85,"Forever 46, LLC - 00000057DCHF00477864","Forever 46, LLC - 00000057DCHF00477864",2024-02-06
iLAVA,ClearGold Cartridge 500mg - Blue Widow,Blue Widow,231121-006BW,56840,2023-07-17,https://orders.confidentcannabis.com/report/public/pdf/aaf6c1c1-c76c-4c50-a997-5f78ac83ca85,"Forever 46, LLC - 00000057DCHF00477864","Forever 46, LLC - 00000057DCHF00477864",2024-02-06
iLAVA,ClearGold Cartridge 1000mg - Northern Lights,Northern Lights,231121-006NL,56818,2023-07-17,https://orders.confidentcannabis.com/report/public/pdf/4f24be0d-a04a-400a-891f-67eedf46fead,"Forever 46, LLC - 00000057DCHF00477864",,
iLAVA,ClearGold Cartridge 500mg - Northern Lights,Northern Lights,231121-006NL,56817,2023-07-17,https://orders.confidentcannabis.com/report/public/pdf/4f24be0d-a04a-400a-891f-67eedf46fead,"Forever 46, LLC - 00000057DCHF00477864","Forever 46, LLC - 00000057DCHF00477864",2024-02-06
iLAVA,Magma Sugar Wax 2.5g - Blue Dream X,Blue Dream X,240117-004,56805,2023-10-17,https://orders.confidentcannabis.com/report/public/pdf/bdbf6381-6d09-44a0-984c-7e877bf265d9,"Forever 46, LLC - 00000057DCHF00477864","Forever 46, LLC - 00000057DCHF00477864",2024-01-17
iLAVA,Magma Sugar Wax 1g - Blue Dream X,Blue Dream X,240117-004,56804,2023-10-17,https://orders.confidentcannabis.com/report/public/pdf/bdbf6381-6d09-44a0-984c-7e877bf265d9,"Forever 46, LLC - 00000057DCHF00477864","Forever 46, LLC - 00000057DCHF00477864",2024-01-17
iLAVA,Magma Sugar Wax 2.5g - Cali Lightning,Cali Lightning,240130-006,56768,2023-11-16,https://orders.confidentcannabis.com/report/public/pdf/7e16047b-6240-44f4-9244-de110661472d,"Forever 46, LLC - 00000057DCHF00477864","Forever 46, LLC - 00000057DCHF00477864",2024-01-30
iLAVA,ClearGold Cartridge 1000mg - Blue Dream,Blue Dream,231121-006BD,56767,2023-07-17,https://orders.confidentcannabis.com/report/public/pdf/21c699f5-65b4-4309-8f97-e76de7126612,"Forever 46, LLC - 00000057DCHF00477864",,
iLAVA,ClearGold Cartridge 500mg - Blue Dream,Blue Dream,231121-006BD,56766,2023-07-17,https://orders.confidentcannabis.com/report/public/pdf/21c699f5-65b4-4309-8f97-e76de7126612,"Forever 46, LLC - 00000057DCHF00477864",,
iLAVA,ClearGold Cartridge 1000mg - Pineapple Express,Pineapple Express,231221-004CGPE,56765,2022-12-27,https://orders.confidentcannabis.com/report/public/pdf/4ccfc93b-66d5-4d8d-b96e-8aa463475dc6,"Forever 46, LLC - 00000057DCHF00477864","Forever 46, LLC - 00000057DCHF00477864",2023-12-21
iLAVA,ClearGold Cartridge 500mg - Pineapple Express,Pineapple Express,231221-004CGPE,56764,2022-12-27,https://orders.confidentcannabis.com/report/public/pdf/4ccfc93b-66d5-4d8d-b96e-8aa463475dc6,"Forever 46, LLC - 00000057DCHF00477864",,
GRÄS Cannabis,Apple Burger #1 3.5g,Apple Burger #1,231219-001,56761,2023-11-15,https://orders.confidentcannabis.com/report/public/pdf/6b38e528-1f42-4811-bf69-1da3de823c02,"Forever 46, LLC - 00000057DCHF00477864","Forever 46, LLC (TME) - 00000126ESDQ50929013",2024-03-13
GRÄS Cannabis,Fatso 3.5g,Fatso,240124-007,56760,2024-01-23,https://orders.confidentcannabis.com/report/public/pdf/c297586e-6e13-4fa3-9fde-a214287a5025,"Forever 46, LLC - 00000057DCHF00477864","Forever 46, LLC (TME) - 00000126ESDQ50929013",2024-03-13
GRÄS Cannabis,Dosi-Breath 3.5g,Dosi-Breath,240124-005,56759,2024-01-23,https://orders.confidentcannabis.com/report/public/pdf/3c7de9bd-e665-48be-a540-23fca61830c9,"Forever 46, LLC - 00000057DCHF00477864","Forever 46, LLC (TME) - 00000126ESDQ50929013",2024-03-13
GRÄS Cannabis,Hula Girl 3.5g,Hula Girl,240124-009,56755,2024-01-23,https://orders.confidentcannabis.com/report/public/pdf/aa5fd60a-b291-469c-bb3d-4931fa32033d,"Forever 46, LLC - 00000057DCHF00477864","Forever 46, LLC (TME) - 00000126ESDQ50929013",2024-03-13
GRÄS Cannabis,Pico De Gallo 3.5g,Pico De Gallo,240124-015,56754,2024-01-23,https://orders.confidentcannabis.com/report/public/pdf/a1ae7425-6ecf-4b3c-b829-928cdf349bfe,"Forever 46, LLC - 00000057DCHF00477864","Forever 46, LLC (TME) - 00000126ESDQ50929013",2024-03-13
GRÄS Cannabis,Marilyn Monroe 3.5g,Marilyn Monroe,240124-012,56753,2024-01-23,https://orders.confidentcannabis.com/report/public/pdf/c06de5e9-eabe-4b64-820f-b451f8f33e67,"Forever 46, LLC - 00000057DCHF00477864",,
GRÄS Cannabis,Modified Strawnana 3.5g,Modified Strawnana,240124-013,56752,2024-01-23,https://orders.confidentcannabis.com/report/public/pdf/c5160025-812e-4e53-af06-0e33bd80ce96,"Forever 46, LLC - 00000057DCHF00477864",,
GRÄS Cannabis,Dough-Z 3.5g,Dough-Z,240124-006,56751,2024-01-23,https://orders.confidentcannabis.com/report/public/pdf/61aecbc5-cd2e-4ae8-8f82-779e40365eb5,"Forever 46, LLC - 00000057DCHF00477864",,
GRÄS Cannabis,G.I. Jane 3.5g,G.I. Jane,240124-008,56749,2024-01-23,https://orders.confidentcannabis.com/report/public/pdf/278e871c-63ed-49d1-912f-016796fba302,"Forever 46, LLC - 00000057DCHF00477864",,
GRÄS Cannabis,Bubble Gum Pop 3.5g,Bubble Gum Pop,240124-004,56748,2024-01-23,https://orders.confidentcannabis.com/report/public/pdf/c4e28820-2cf6-4c6e-a67a-ec184904ba7e,"Forever 46, LLC - 00000057DCHF00477864",,
GRÄS Cannabis,Kolache 3.5g,Kolache,240124-011,56747,2024-01-23,https://orders.confidentcannabis.com/report/public/pdf/71c2c26b-ba5b-4faf-8308-6f9545fd2d82,"Forever 46, LLC - 00000057DCHF00477864",,
Roaring 20s,Roaring 20s REBALANCE 6 Pack Prerolls 3g - Forest Fire,Forest Fire,FoFi-231229.0001-W52,56746,2023-12-29,https://orders.confidentcannabis.com/report/public/pdf/6f59ce13-b82d-441f-879b-f6126555c5fa,"Forever 46, LLC - 00000057DCHF00477864","Forever 46, LLC - 00000057DCHF00477864",2024-03-13
iLAVA,Magma Budder 2.5g - Fatso,Fatso,231019-003,56744,2023-08-16,https://orders.confidentcannabis.com/report/public/pdf/134ffb6e-72bc-4e6e-b1da-3f581a586819,"Forever 46, LLC - 00000057DCHF00477864",,
iLAVA,iLAVA Touch Airless Pump 1.7oz (180mg THC/150mg CBD) - Hybrid,Hybrid Blend,240110-001A,56736,2023-07-25,https://orders.confidentcannabis.com/report/public/pdf/6023f1b3-d7cb-4c98-8dff-e1b655726c8d,"Forever 46, LLC - 00000057DCHF00477864","Forever 46, LLC - 00000057DCHF00477864",2024-01-10
iLAVA,Magma Crumble 2.5g - Gary Satan,Gary Satan,231101-002,56735,2023-09-05,https://orders.confidentcannabis.com/report/public/pdf/5d60dfa2-8ad3-4cf0-8faa-2ac6815b1831,"Forever 46, LLC - 00000057DCHF00477864","Forever 46, LLC - 00000057DCHF00477864",2023-11-01
iLAVA,Entourage Night Gummies 100mg - Wildberry,Hybrid Blend,230104-001-WB,56732,2022-10-03,https://tinyurl.com/2cr2b356,"Forever 46, LLC - 00000057DCHF00477864","Forever 46, LLC - 00000057DCHF00477864",2023-07-20
DTF - Downtown Flower,DTF Premium Preroll 1g - Guava Cross,Guava Cross,GuCr-231229.0001-W52,56731,2023-12-29,https://orders.confidentcannabis.com/report/public/pdf/13d387b8-6fbd-42f2-8e87-c67fc99b3ad4,"Forever 46, LLC - 00000057DCHF00477864",,
Roaring 20s,Roaring 20s REST 6 Pack Prerolls 3g - Jet Cream,Jet Cream,JtCr-231229.0001-W52,56726,2023-12-29,https://orders.confidentcannabis.com/report/public/pdf/5747e61b-b6fe-42df-b912-d6b9f2e8d6e7,"Forever 46, LLC - 00000057DCHF00477864","Forever 46, LLC - 00000057DCHF00477864",2024-03-11
ZENZONA,zenzona Vegan Gummies Blood Orange 100mg - Sativa,Hybrid Blend,221220-002-ZBLO,56723,2022-10-03,https://lims.tagleaf.com/coas/RwYYpISmntEUnneJFGALrCDhePsw6LQzR9LlEOqZl4qINv6tfg,"Forever 46, LLC - 00000057DCHF00477864","Forever 46, LLC - 00000057DCHF00477864",2023-07-26
GRÄS Cannabis,Sunset Sherb 3.5g,Sunset Sherb,SSherb-231229.0001-W52,56712,2023-12-29,https://orders.confidentcannabis.com/report/public/pdf/84a9fbf1-4d7b-4b62-98ac-95729160cb0a,"Forever 46, LLC - 00000057DCHF00477864","Forever 46, LLC - 00000057DCHF00477864",2024-03-11
GRÄS Cannabis,Forest Fire 3.5g,Forest Fire,FoFi-231229.0001-W52,56711,2023-12-29,https://orders.confidentcannabis.com/report/public/pdf/6f59ce13-b82d-441f-879b-f6126555c5fa,"Forever 46, LLC - 00000057DCHF00477864","Forever 46, LLC - 00000057DCHF00477864",2024-03-11
GRÄS Cannabis,Gastropop 3.5g,Gastropop,324s-231229.0001-W52,56700,2023-12-29,https://orders.confidentcannabis.com/report/public/pdf/af7d90a7-6bc3-4ec1-9d7f-55fe74cd756f,"Forever 46, LLC - 00000057DCHF00477864","Forever 46, LLC - 00000057DCHF00477864",2024-03-11
iLAVA,iLAVA Touch Bamboo 3.75oz. (380mg THC/320mg CBD) - Hybrid,Hybrid Blend,240110-001B,56675,2023-07-25,https://orders.confidentcannabis.com/report/public/pdf/5fe61f36-b07f-4ac1-9370-6021d1c45ada,"Forever 46, LLC - 00000057DCHF00477864","Forever 46, LLC - 00000057DCHF00477864",2024-01-10
iLAVA,Magma Budder 2.5g - Blue Dream,Blue Dream,240202-001,56654,2023-11-30,https://orders.confidentcannabis.com/report/public/pdf/e06c1caf-a7b5-491c-9361-59475ba6ce14,"Forever 46, LLC - 00000057DCHF00477864","Forever 46, LLC - 00000057DCHF00477864",2024-02-02
iLAVA,Atomic Cartridge 500mg - Gary Satan,Gary Satan,240228-002,56651,2023-10-31,https://orders.confidentcannabis.com/report/public/pdf/e58af08e-f26e-4bc8-9e79-3fac3ba61660,"Forever 46, LLC - 00000057DCHF00477864",,
iLAVA,Atomic Cartridge 500mg - Cherry Treat,Cherry Treat,240228-001,56645,2023-11-16,https://orders.confidentcannabis.com/report/public/pdf/5b2fdc9f-a504-4b54-b323-d86d2e759ee9,"Forever 46, LLC - 00000057DCHF00477864",,
iLAVA,Delta 8 Clarity Cartridge 1000mg - Sundae Driver,Sundae Driver,230503-014CLSD,56641,2022-10-21,https://orders.confidentcannabis.com/report/public/pdf/32cdbf98-b77c-4a02-930c-1e4d13bfc1cd,"Forever 46, LLC - 00000057DCHF00477864","Forever 46, LLC - 00000057DCHF00477864",2024-01-12
DTF - Downtown Flower,Gelato 14g,Gelato,GLTO-240117.0001-W3,56585,2024-01-17,https://orders.confidentcannabis.com/report/public/pdf/e6867d9d-8727-41f6-9344-bbc367643981,"Forever 46, LLC - 00000057DCHF00477864",,
DTF - Downtown Flower,Gelato 7g,Gelato,GLTO-240117.0001-W3,56584,2024-01-17,https://orders.confidentcannabis.com/report/public/pdf/e6867d9d-8727-41f6-9344-bbc367643981,"Forever 46, LLC - 00000057DCHF00477864",,
DTF - Downtown Flower,Gelato 3.5g,Gelato,GLTO-240117.0001-W3,56581,2024-01-17,https://orders.confidentcannabis.com/report/public/pdf/e6867d9d-8727-41f6-9344-bbc367643981,"Forever 46, LLC - 00000057DCHF00477864","Forever 46, LLC - 00000057DCHF00477864",2024-03-07
High Scorez,High Scorez Sauce Infused Preroll 1.2g - Fatso x Jokerz Treat,Fatso x Jokerz Treat,224-230717.01-W29-IPR,49324,2023-07-17,https://lims.tagleaf.com/coas/2N8CTBx1JBbH4c5QVsePTOoyNtXwaC4CIgqN8prFojg2W6RFBW,"Forever 46, LLC - 00000057DCHF00477864",,2023-09-22
High Scorez,High Scorez Sauce Infused Preroll 1.2g - Fatso x Jokerz Treat,Fatso x Jokerz Treat,224-230717.01-W29-IPR,49324,2023-07-17,https://lims.tagleaf.com/coas/2N8CTBx1JBbH4c5QVsePTOoyNtXwaC4CIgqN8prFojg2W6RFBW,"Forever 46, LLC - 00000057DCHF00477864","Forever 46, LLC - 00000057DCHF00477864",2023-09-22
